index,subset_size,minority_size,run,roc_auc,time_elapsed
0,125,0.2889,0,0.766510649934339,267.09403103776276
1,125,0.2889,1,0.7573068119253356,272.6146482620388
2,125,0.2889,2,0.7613476823168562,262.47213161177933
3,125,0.2889,3,0.7729359903871678,263.7499000746757
4,125,0.2889,4,0.7705225485983126,264.6286771595478
5,125,0.2889,5,0.765539730878081,260.53312685340643
6,125,0.2889,6,0.753610972802598,243.92489432170987
7,125,0.2889,7,0.7537229084611576,261.28877203166485
8,125,0.2889,8,0.7476332090984997,257.0182815846056
9,125,0.2889,9,0.7395754475951021,271.4434044677764
10,125,0.2889,10,0.7740304147338182,256.51369844190776
11,125,0.2889,11,0.7571349051260541,240.51505756564438
12,125,0.2889,12,0.7684492673973592,260.56449430808425
13,125,0.2889,13,0.769443253362965,251.15510358847678
14,125,0.2889,14,0.7318210959805644,245.98101630434394
15,125,0.2889,15,0.7514215699811099,245.09579796157777
16,125,0.2889,16,0.7562040015368197,263.58884889259934
17,125,0.2889,17,0.7407824111412039,243.21003611572087
18,125,0.2889,18,0.7639184188623485,234.60065294988453
19,125,0.2889,19,0.7665813842209648,260.6908941529691
20,125,0.2889,20,0.7637777620692436,236.13895171321929
21,125,0.2889,21,0.7664975467439243,254.5222459807992
22,125,0.2889,22,0.7618429387960407,243.40296172350645
23,125,0.2889,23,0.7726462166400362,257.92930222675204
24,125,0.2889,24,0.7743107788902036,242.3471211269498
25,125,0.2889,25,0.7649443166114247,234.96925501152873
26,125,0.2889,26,0.7771561741894404,251.17891152389348
27,125,0.2889,27,0.7558841301583721,246.69400815851986
28,125,0.2889,28,0.7645218715171984,239.42669447138906
29,125,0.2889,29,0.769338689021087,244.54545610770583
30,110,0.2889,0,0.7728571930059961,226.3267928287387
31,110,0.2889,1,0.7682044186224004,222.50461418367922
32,110,0.2889,2,0.7659397955466053,224.7944881170988
33,110,0.2889,3,0.7578110491635799,235.4037696607411
34,110,0.2889,4,0.7844062515062052,237.95393707416952
35,110,0.2889,5,0.7582427467867413,217.98597198724747
36,110,0.2889,6,0.7757915452914167,227.69001295603812
37,110,0.2889,7,0.7784236418275777,235.74958731792867
38,110,0.2889,8,0.7452571109611413,230.50021523050964
39,110,0.2889,9,0.7365744340417055,223.58261862024665
40,110,0.2889,10,0.7750655420702167,241.60096361674368
41,110,0.2889,11,0.768187007702989,226.99560399912298
42,110,0.2889,12,0.7653214555497568,223.1440924219787
43,110,0.2889,13,0.7724072762127552,225.9131159298122
44,110,0.2889,14,0.7598788614369785,220.99254642613232
45,110,0.2889,15,0.7722287234047058,222.86913977377117
46,110,0.2889,16,0.7527496581840866,220.74070941098034
47,110,0.2889,17,0.7805756480553856,226.95722625218332
48,110,0.2889,18,0.7739280104330267,227.58327654749155
49,110,0.2889,19,0.7562839671755073,228.25626155547798
50,110,0.2889,20,0.7552541428811554,221.15927145443857
51,110,0.2889,21,0.7659165486338333,228.11943027749658
52,110,0.2889,22,0.7551405448380343,224.50702589936554
53,110,0.2889,23,0.7537391034750881,224.9107605367899
54,110,0.2889,24,0.785054048533949,227.55335639417171
55,110,0.2889,25,0.8023738950366294,213.22174481861293
56,110,0.2889,26,0.7506423686891965,228.1487248595804
57,110,0.2889,27,0.7860193821898486,232.56465375982225
58,110,0.2889,28,0.7692093018541087,216.46606124937534
59,110,0.2889,29,0.7627337563286734,221.18842685595155
60,100,0.2889,0,0.772129338573113,211.4390518013388
61,100,0.2889,1,0.7934064650537966,209.09659614413977
62,100,0.2889,2,0.7546214414346648,209.79442535154521
63,100,0.2889,3,0.7462793080515912,211.39206867665052
64,100,0.2889,4,0.7609950114909949,220.36059848591685
65,100,0.2889,5,0.7679063241287628,212.28606424853206
66,100,0.2889,6,0.771861002880817,214.98745005205274
67,100,0.2889,7,0.7438300032276379,210.07004459947348
68,100,0.2889,8,0.7757762061761194,213.51175343059003
69,100,0.2889,9,0.788494633977932,210.98657121136785
70,100,0.2889,10,0.7662979953011624,212.4118428081274
71,100,0.2889,11,0.7482480813823292,215.1702065318823
72,100,0.2889,12,0.7556228093053893,211.77280997298658
73,100,0.2889,13,0.7652090592942008,214.0123141426593
74,100,0.2889,14,0.7952885473238036,217.19137845747173
75,100,0.2889,15,0.7854311715896262,210.46189604513347
76,100,0.2889,16,0.7373338208390768,215.2439598646015
77,100,0.2889,17,0.7589798837491298,216.89761962927878
78,100,0.2889,18,0.7616016936190381,205.1734207123518
79,100,0.2889,19,0.7806775952886597,214.4652867242694
80,100,0.2889,20,0.7520661375356609,211.20131845586002
81,100,0.2889,21,0.7843356672224326,217.82266923971474
82,100,0.2889,22,0.746506276486445,214.89275382645428
83,100,0.2889,23,0.7570640967203717,208.82572736032307
84,100,0.2889,24,0.7655429021148722,204.55353455618024
85,100,0.2889,25,0.7530365448174783,211.57741764187813
86,100,0.2889,26,0.728035124555169,215.92387543804944
87,100,0.2889,27,0.7675403506969294,211.46114390715957
88,100,0.2889,28,0.7590194792081647,209.73768676631153
89,100,0.2889,29,0.7590540275123726,211.4161951430142
90,90,0.2889,0,0.7636822437817853,190.50809947773814
91,90,0.2889,1,0.7500039106626208,184.19405113346875
92,90,0.2889,2,0.7490345198707262,195.29825804382563
93,90,0.2889,3,0.7462269799974267,193.40413346886635
94,90,0.2889,4,0.7268587404142529,193.78327018022537
95,90,0.2889,5,0.7441049725755252,184.6295397784561
96,90,0.2889,6,0.7656593237411135,203.96015584468842
97,90,0.2889,7,0.7945080577720919,201.52540363930166
98,90,0.2889,8,0.7768501330740606,200.25268412940204
99,90,0.2889,9,0.7529975034866311,187.69497253000736
100,90,0.2889,10,0.7811434670912657,198.90235145948827
101,90,0.2889,11,0.7536061815349917,185.80688821151853
102,90,0.2889,12,0.7542265280405944,194.80030563659966
103,90,0.2889,13,0.7719745162164449,193.4073644001037
104,90,0.2889,14,0.7810027644149353,190.66822065226734
105,90,0.2889,15,0.7436238004818895,185.22331931255758
106,90,0.2889,16,0.7341140060650002,193.0153231266886
107,90,0.2889,17,0.7717262667885664,182.9432645905763
108,90,0.2889,18,0.7454403667998242,189.9981522615999
109,90,0.2889,19,0.7433149446070876,204.37633218802512
110,90,0.2889,20,0.7421546707726083,196.66884438693523
111,90,0.2889,21,0.7432632024464202,197.2945440635085
112,90,0.2889,22,0.7862361627838588,190.28586747311056
113,90,0.2889,23,0.7661418388014704,192.08107643388212
114,90,0.2889,24,0.7484813993497232,187.38055895455182
115,90,0.2889,25,0.7882845576290916,186.0350589286536
116,90,0.2889,26,0.7280063222426094,191.8496888075024
117,90,0.2889,27,0.7246336616200484,190.20327167399228
118,90,0.2889,28,0.7727505286241727,200.56862695887685
119,90,0.2889,29,0.7453715366670646,184.55746343545616
120,80,0.2889,0,0.7773890262656196,177.64613338932395
121,80,0.2889,1,0.739850226351129,176.4600258730352
122,80,0.2889,2,0.7348198189021553,177.40070919506252
123,80,0.2889,3,0.7287781486883624,182.08878514543176
124,80,0.2889,4,0.7773277192171344,190.07406308315694
125,80,0.2889,5,0.7677467599171933,177.1618431173265
126,80,0.2889,6,0.7724469775561568,177.72936797328293
127,80,0.2889,7,0.7393677924687867,182.52840781025589
128,80,0.2889,8,0.7074728904961101,178.63343336619437
129,80,0.2889,9,0.7567889103095317,180.28194781951606
130,80,0.2889,10,0.759143789219746,175.722485601902
131,80,0.2889,11,0.7609560389849861,178.2660551406443
132,80,0.2889,12,0.7473053822746125,179.88707973621786
133,80,0.2889,13,0.747664042626166,180.47751104459167
134,80,0.2889,14,0.7641281334396016,180.37779774144292
135,80,0.2889,15,0.761280140443895,180.58581522665918
136,80,0.2889,16,0.7645537956538447,174.1975816320628
137,80,0.2889,17,0.7567820190019802,178.86354371532798
138,80,0.2889,18,0.7575694951571738,178.18422091007233
139,80,0.2889,19,0.7752614281491416,175.39347432740033
140,80,0.2889,20,0.7377486563767957,175.55690371617675
141,80,0.2889,21,0.7373677956029638,176.40706418082118
142,80,0.2889,22,0.7436630818173021,179.66326053999364
143,80,0.2889,23,0.7576798531386653,176.9155782815069
144,80,0.2889,24,0.7695822883605157,180.0514722969383
145,80,0.2889,25,0.7304121527102176,175.77489980310202
146,80,0.2889,26,0.7640419153290436,176.8598702698946
147,80,0.2889,27,0.7484705073778393,186.18899948894978
148,80,0.2889,28,0.7289138465636131,176.63845547661185
149,80,0.2889,29,0.7114557962556634,171.81706313230097
150,70,0.2889,0,0.6297286758273304,166.38648893870413
151,70,0.2889,1,0.736371031937464,172.724092932418
152,70,0.2889,2,0.7290259463429417,176.9235522132367
153,70,0.2889,3,0.723965181845953,181.24985190667212
154,70,0.2889,4,0.7214898012318898,178.37173925712705
155,70,0.2889,5,0.7091197435858992,176.9384768921882
156,70,0.2889,6,0.7244969119600855,177.49734139628708
157,70,0.2889,7,0.736735771816422,171.7169111855328
158,70,0.2889,8,0.7506574095635269,168.77130663767457
159,70,0.2889,9,0.7413663881314863,174.5193955246359
160,70,0.2889,10,0.7228356815379989,172.2751965727657
161,70,0.2889,11,0.6480145142337248,164.8249181676656
162,70,0.2889,12,0.6980253913817975,173.1725996248424
163,70,0.2889,13,0.7210130445163573,179.59376124292612
164,70,0.2889,14,0.7452271545089812,172.6670536249876
165,70,0.2889,15,0.7207709557938979,173.3849653545767
166,70,0.2889,16,0.7193876506582775,175.51909806393087
167,70,0.2889,17,0.7224113622904771,179.6870967745781
168,70,0.2889,18,0.7128677219356803,168.87945087999105
169,70,0.2889,19,0.7489959285484388,169.42052021622658
170,70,0.2889,20,0.7544327060799906,174.9624273274094
171,70,0.2889,21,0.6918343712683701,171.36832408979535
172,70,0.2889,22,0.7166849751325622,173.74763252958655
173,70,0.2889,23,0.7059582781569896,172.74309075251222
174,70,0.2889,24,0.7259612945202468,175.3775253072381
175,70,0.2889,25,0.589052822124739,168.5350028835237
176,70,0.2889,26,0.7318603314327512,174.00193938426673
177,70,0.2889,27,0.7159678414918369,173.69573040679097
178,70,0.2889,28,0.7397852998220324,177.70525845512748
179,70,0.2889,29,0.7008944588960135,171.78027876280248
180,60,0.2889,0,0.6951401006178197,163.761919118464
181,60,0.2889,1,0.7307615093553921,168.1755029950291
182,60,0.2889,2,0.6960411306976484,161.17196032218635
183,60,0.2889,3,0.7330503040674308,165.18487945571542
184,60,0.2889,4,0.6970895465221036,167.36200835369527
185,60,0.2889,5,0.722598161725975,162.40971078537405
186,60,0.2889,6,0.6586977121466,165.15301344543695
187,60,0.2889,7,0.5844366360841555,153.77884605526924
188,60,0.2889,8,0.717076134925823,166.28422125801444
189,60,0.2889,9,0.7482517273340324,170.65186712518334
190,60,0.2889,10,0.7315536850117403,166.04695770703256
191,60,0.2889,11,0.7194973945104406,163.8840285912156
192,60,0.2889,12,0.7122520502248801,164.58282892219722
193,60,0.2889,13,0.6945473069892463,164.88755044154823
194,60,0.2889,14,0.7482113571543794,164.27263372205198
195,60,0.2889,15,0.7270137339506477,165.46573876030743
196,60,0.2889,16,0.6283111453348209,168.14109497703612
197,60,0.2889,17,0.6337733262907523,165.86339880526066
198,60,0.2889,18,0.7045973887418602,166.76861703395844
199,60,0.2889,19,0.6549074382864261,158.02880807220936
200,60,0.2889,20,0.7110467190627692,169.33454043976963
201,60,0.2889,21,0.7055849739974819,164.08318531885743
202,60,0.2889,22,0.7104375486521017,158.3011727295816
203,60,0.2889,23,0.7230533039127267,165.63261379860342
204,60,0.2889,24,0.6215017658124113,166.23371380381286
205,60,0.2889,25,0.723990532328149,165.90442653745413
206,60,0.2889,26,0.741237339794482,164.23855363950133
207,60,0.2889,27,0.7099488552389311,161.78280839696527
208,60,0.2889,28,0.6512718350153277,155.72066645137966
209,60,0.2889,29,0.7053430635137069,169.58002232015133
210,50,0.2889,0,0.6457945478897062,162.17087999917567
211,50,0.2889,1,0.598662184906124,153.90092750824988
212,50,0.2889,2,0.5977751050916461,155.9753727093339
213,50,0.2889,3,0.5193168097813888,153.69635561481118
214,50,0.2889,4,0.6235773429393889,164.85174417495728
215,50,0.2889,5,0.632603604041259,163.70149083063006
216,50,0.2889,6,0.6247732592165353,159.86261679418385
217,50,0.2889,7,0.6318801491038244,164.35190946608782
218,50,0.2889,8,0.6599036239079898,164.7698649223894
219,50,0.2889,9,0.6619451150924951,154.59013505093753
220,50,0.2889,10,0.6171833724950195,159.87031183578074
221,50,0.2889,11,0.636096785779803,163.3973486032337
222,50,0.2889,12,0.6210667451848659,160.0052352361381
223,50,0.2889,13,0.6478455263134935,161.5716176275164
224,50,0.2889,14,0.7140630399661532,160.2686679046601
225,50,0.2889,15,0.631399190543662,163.1404590420425
226,50,0.2889,16,0.6474416092187505,164.4227102920413
227,50,0.2889,17,0.6467064858240739,164.3009799402207
228,50,0.2889,18,0.6414078573908686,163.43363699130714
229,50,0.2889,19,0.6315968043025082,161.4969009887427
230,50,0.2889,20,0.634909342016755,163.42313208803535
231,50,0.2889,21,0.8038066499363719,132.095809571445
232,50,0.2889,22,0.6465776245494514,158.7189508508891
233,50,0.2889,23,0.6498217609626249,163.560104098171
234,50,0.2889,24,0.6471762135823778,161.45373125560582
235,50,0.2889,25,0.6278334374247251,157.17754240706563
236,50,0.2889,26,0.6478553223821791,164.37489377893507
237,50,0.2889,27,0.6286190164850101,159.9118104353547
238,50,0.2889,28,0.6268829399333798,161.3946867454797
239,50,0.2889,29,0.6187184858123278,161.95239511691034
240,40,0.2889,0,0.6512919159855266,154.0104212295264
241,40,0.2889,1,0.6359752146438475,154.08752890117466
242,40,0.2889,2,0.6143769091127842,149.19280392117798
243,40,0.2889,3,0.6575935693797996,153.27434152550995
244,40,0.2889,4,0.6503619035897144,150.92765443585813
245,40,0.2889,5,0.617377534423502,145.48435728810728
246,40,0.2889,6,0.6042032603038971,152.4939982071519
247,40,0.2889,7,0.6547372009306642,155.42806264944375
248,40,0.2889,8,0.7891595525078177,116.96035649999976
249,40,0.2889,9,0.5161935015488625,143.21252665109932
250,40,0.2889,10,0.5214502368322695,147.18614851869643
251,40,0.2889,11,0.5081288134431245,142.64191226661205
252,40,0.2889,12,0.5143919849289555,140.61946649104357
253,40,0.2889,13,0.6338289102892019,149.3732828013599
254,40,0.2889,14,0.5127627580567908,143.55003743991256
255,40,0.2889,15,0.6531264897048065,151.8020883090794
256,40,0.2889,16,0.5154159396998977,143.29315687157214
257,40,0.2889,17,0.6058056190179391,148.77573253959417
258,40,0.2889,18,0.6479725487296093,153.09970365650952
259,40,0.2889,19,0.6296827837779391,151.6131770387292
260,40,0.2889,20,0.7981433928027939,117.61742335930467
261,40,0.2889,21,0.6509752176086099,153.30821076966822
262,40,0.2889,22,0.6245407900888167,152.1307643931359
263,40,0.2889,23,0.7920243299404313,120.84229486435652
264,40,0.2889,24,0.7922791194927106,121.40739187598228
265,40,0.2889,25,0.6280316459007658,153.62297709658742
266,40,0.2889,26,0.6432424487575429,154.96468217857182
267,40,0.2889,27,0.6261448517764276,141.6595658324659
268,40,0.2889,28,0.514968017062235,140.76357500255108
269,40,0.2889,29,0.645988965705409,149.56528155133128
270,30,0.2889,0,0.5073095172709121,134.66581709496677
271,30,0.2889,1,0.5197333782932474,136.7123151961714
272,30,0.2889,2,0.6301170438027814,141.91317318566144
273,30,0.2889,3,0.6186307870853713,144.49968674220145
274,30,0.2889,4,0.5065795151501189,130.84163373149931
275,30,0.2889,5,0.6426515434001808,144.46991926804185
276,30,0.2889,6,0.62884545196855,143.4616772532463
277,30,0.2889,7,0.7860477768475953,102.14167217351496
278,30,0.2889,8,0.6296488990157638,145.08669846504927
279,30,0.2889,9,0.5115049770734933,132.49624614045024
280,30,0.2889,10,0.6553396335661124,144.72102690301836
281,30,0.2889,11,0.6294756668971557,143.98042949475348
282,30,0.2889,12,0.5084576055794907,131.94044245034456
283,30,0.2889,13,0.6222309226230082,141.7496364954859
284,30,0.2889,14,0.5186792553014116,131.73507745563984
285,30,0.2889,15,0.6334781771472566,144.9322190657258
286,30,0.2889,16,0.617225934481069,145.21933027915657
287,30,0.2889,17,0.7856444121163001,104.04401653073728
288,30,0.2889,18,0.6231109170085956,143.68690706789494
289,30,0.2889,19,0.5078393097011286,131.90529923513532
290,30,0.2889,20,0.6216414449398608,136.30449643172324
291,30,0.2889,21,0.6267120725656344,133.5969841554761
292,30,0.2889,22,0.6178031189892093,146.94921261258423
293,30,0.2889,23,0.513644796010661,127.75424086302519
294,30,0.2889,24,0.6199945406726277,144.6065235324204
295,30,0.2889,25,0.6203220057249277,145.53423443064094
296,30,0.2889,26,0.7904195676512585,101.05109434947371
297,30,0.2889,27,0.6295119869997715,147.07807624153793
298,30,0.2889,28,0.6207249433892762,134.81047336757183
299,30,0.2889,29,0.6240504025257743,138.21345250867307
300,20,0.2889,0,0.5013866299047438,123.22657069936395
301,20,0.2889,1,0.5036933755464656,128.68511973693967
302,20,0.2889,2,0.5048652790139189,126.1079853605479
303,20,0.2889,3,0.7796491104315499,88.06733527034521
304,20,0.2889,4,0.49990909297672387,123.80389864370227
305,20,0.2889,5,0.7857330743909962,90.32840130664408
306,20,0.2889,6,0.5013402366693487,125.25989230163395
307,20,0.2889,7,0.5052522951989515,124.93327783234417
308,20,0.2889,8,0.49983232504591923,123.86456069536507
309,20,0.2889,9,0.5092046709660236,122.32387214712799
310,20,0.2889,10,0.4997552659331054,123.34525637514889
311,20,0.2889,11,0.5014293577763017,124.225690362975
312,20,0.2889,12,0.6031784231632302,126.2964178007096
313,20,0.2889,13,0.4989491647177591,124.28665911592543
314,20,0.2889,14,0.6148568564772418,123.42343575321138
315,20,0.2889,15,0.790442710444403,89.75382697209716
316,20,0.2889,16,0.5108229793952127,119.93237787298858
317,20,0.2889,17,0.4959144269934772,121.54578046500683
318,20,0.2889,18,0.6092277452872774,126.04483227990568
319,20,0.2889,19,0.5137672477516019,122.25101414509118
320,20,0.2889,20,0.5038052512038842,126.97108609415591
321,20,0.2889,21,0.5068237180304389,127.32289904728532
322,20,0.2889,22,0.5052645724913035,125.09079787507653
323,20,0.2889,23,0.49203926563629036,122.24895673245192
324,20,0.2889,24,0.6077313044702715,123.41351181827486
325,20,0.2889,25,0.5059878721316666,124.48715204931796
326,20,0.2889,26,0.7832429811441401,89.52749396301806
327,20,0.2889,27,0.5049193329832657,125.81524002179503
328,20,0.2889,28,0.5017000564547209,128.5931777767837
329,20,0.2889,29,0.78804510542737,89.4814108517021
330,10,0.2889,0,0.7705134072479628,69.7761190701276
331,10,0.2889,1,0.7685050543408454,69.34869921207428
332,10,0.2889,2,0.7611503756226742,70.93770481459796
333,10,0.2889,3,0.7683251126828492,72.52920254319906
334,10,0.2889,4,0.4966557958010664,123.47011748701334
335,10,0.2889,5,0.4943406941180499,122.3924416732043
336,10,0.2889,6,0.486809947344975,123.35816313140094
337,10,0.2889,7,0.4990493419173649,122.29462908022106
338,10,0.2889,8,0.7756147254575072,69.58193498291075
339,10,0.2889,9,0.47417821589811127,124.25103230774403
340,10,0.2889,10,0.7729389675026195,72.05917477793992
341,10,0.2889,11,0.7683619180888138,70.45364853739738
342,10,0.2889,12,0.7675281369351976,71.88716977834702
343,10,0.2889,13,0.7759000661791411,71.01813531294465
344,10,0.2889,14,0.772093127884343,71.37992682866752
345,10,0.2889,15,0.4942564595746334,119.36849410645664
346,10,0.2889,16,0.48691200752157365,117.8349485527724
347,10,0.2889,17,0.4905142678055081,125.43805130384862
348,10,0.2889,18,0.4976535459559189,126.70731348544359
349,10,0.2889,19,0.7729766693962243,71.66811018809676
350,10,0.2889,20,0.7755481136022361,70.76386482082307
351,10,0.2889,21,0.758428783854797,71.30799598433077
352,10,0.2889,22,0.7685337295921647,69.71062382869422
353,10,0.2889,23,0.7755596161739696,70.89284691400826
354,10,0.2889,24,0.7734833578575644,70.88393323682249
355,10,0.2889,25,0.7659224622757296,70.42990018427372
356,10,0.2889,26,0.7715905230300898,71.24067129008472
357,10,0.2889,27,0.7759004473628622,70.65479461476207
358,10,0.2889,28,0.47847092872703023,124.21619628369808
359,10,0.2889,29,0.7749382443547468,69.86583810299635
360,5,0.2889,0,0.7324914199073848,62.46281235292554
361,5,0.2889,1,0.7324689441857525,62.465569073334336
362,5,0.2889,2,0.7424932572129208,62.252158623188734
363,5,0.2889,3,0.7395584902137291,62.832063568755984
364,5,0.2889,4,0.7324913987305114,61.503790041431785
365,5,0.2889,5,0.7424692708743195,61.80221020244062
366,5,0.2889,6,0.7424932360360473,62.152657087892294
367,5,0.2889,7,0.7324913987305114,62.73188297636807
368,5,0.2889,8,0.7250585897026803,62.68628694489598
369,5,0.2889,9,0.7324905481260966,61.853323962539434
370,5,0.2889,10,0.7324680724044642,61.53309669531882
371,5,0.2889,11,0.725081054835876,60.49809580296278
372,5,0.2889,12,0.7424682755612698,63.44645771570504
373,5,0.2889,13,0.7424707814912884,62.13477277010679
374,5,0.2889,14,0.7324683759396496,62.61173419654369
375,5,0.2889,15,0.7324914199073848,63.10159882158041
376,5,0.2889,16,0.40925592747039446,119.86452425457537
377,5,0.2889,17,0.7324689230088791,62.505369855090976
378,5,0.2889,18,0.7133454369047338,61.679192719981074
379,5,0.2889,19,0.7324905481260966,61.77232767082751
380,5,0.2889,20,0.7324617599314526,62.96002904325724
381,5,0.2889,21,0.7324908516612819,62.50597135350108
382,5,0.2889,22,0.7324915293212306,62.40256539173424
383,5,0.2889,23,0.7424927489679591,61.65407468378544
384,5,0.2889,24,0.7424707814912884,61.892471028491855
385,5,0.2889,25,0.7252478668323659,61.656072955578566
386,5,0.2889,26,0.732648384657745,61.920093946158886
387,5,0.2889,27,0.7324908516612819,61.539509220048785
388,5,0.2889,28,0.7324908516612819,62.45909648016095
389,5,0.2889,29,0.7324913987305114,62.58202553167939
390,125,0.0575,0,0.813206576969337,40.965636160224676
391,125,0.0575,1,0.816301303481735,40.88437311723828
392,125,0.0575,2,0.8289213541181805,40.08279111981392
393,125,0.0575,3,0.8062456522114175,41.60128582827747
394,125,0.0575,4,0.8130422514907318,41.27368229627609
395,125,0.0575,5,0.8285136393041415,40.75883276760578
396,125,0.0575,6,0.8248229973390835,40.846693163737655
397,125,0.0575,7,0.8149109058582658,41.0736531149596
398,125,0.0575,8,0.8127364821452272,40.167371209710836
399,125,0.0575,9,0.8184111077303409,40.65252970531583
400,125,0.0575,10,0.8224074537455438,40.72875864058733
401,125,0.0575,11,0.8134466468298658,40.34500786289573
402,125,0.0575,12,0.811290765234226,40.024906273931265
403,125,0.0575,13,0.8132269032383195,40.44023017771542
404,125,0.0575,14,0.8272506841047771,39.371129451319575
405,125,0.0575,15,0.8170312526603448,40.58884469419718
406,125,0.0575,16,0.818214753995462,40.82786713540554
407,125,0.0575,17,0.8186107209389836,39.55659949593246
408,125,0.0575,18,0.8279615229198853,39.634204123169184
409,125,0.0575,19,0.8220536905459633,40.33141720108688
410,125,0.0575,20,0.8254383231609516,39.35533879324794
411,125,0.0575,21,0.8214237809172822,40.0099665094167
412,125,0.0575,22,0.8191400845375139,40.48290879279375
413,125,0.0575,23,0.82308455780133,42.13137289695442
414,125,0.0575,24,0.8216250018035636,39.56038893200457
415,125,0.0575,25,0.8308949981297997,40.516540475189686
416,125,0.0575,26,0.8179773577151993,41.112744979560375
417,125,0.0575,27,0.8348952159833554,40.59976493567228
418,125,0.0575,28,0.8236565204454382,41.002955723553896
419,125,0.0575,29,0.8047974240761793,40.197389932349324
420,110,0.0575,0,0.8111841096761003,36.269540602341294
421,110,0.0575,1,0.8231039505231436,37.95040753670037
422,110,0.0575,2,0.8314890376644245,35.90204034000635
423,110,0.0575,3,0.8227002893156208,36.8557995762676
424,110,0.0575,4,0.8116665470879214,37.04850503616035
425,110,0.0575,5,0.8247372627671344,37.879184825345874
426,110,0.0575,6,0.8301581382315046,36.16058926843107
427,110,0.0575,7,0.8308338904968723,38.31815845519304
428,110,0.0575,8,0.8354018656204275,35.85486118495464
429,110,0.0575,9,0.8135989297264656,36.78377106040716
430,110,0.0575,10,0.8155107125614124,37.394083347171545
431,110,0.0575,11,0.8099031894291373,36.19730332121253
432,110,0.0575,12,0.8056370712237265,37.84221367910504
433,110,0.0575,13,0.8234890802017044,37.64904452115297
434,110,0.0575,14,0.822114623469685,36.77044842951
435,110,0.0575,15,0.8275005870935199,39.405522307381034
436,110,0.0575,16,0.8285718527643712,36.73145365528762
437,110,0.0575,17,0.8112505203510741,37.39835377596319
438,110,0.0575,18,0.8209914691647924,37.17625454813242
439,110,0.0575,19,0.8214551756320937,36.52779250405729
440,110,0.0575,20,0.8109300295490797,36.48296437971294
441,110,0.0575,21,0.8202868157614556,37.95757168531418
442,110,0.0575,22,0.8384524189396582,37.72723451629281
443,110,0.0575,23,0.8210209050188145,38.07268658652902
444,110,0.0575,24,0.8185787809196824,36.59716830216348
445,110,0.0575,25,0.8384452611564499,37.33831829763949
446,110,0.0575,26,0.8167343864253643,35.46442692913115
447,110,0.0575,27,0.8140665909748741,36.57668857648969
448,110,0.0575,28,0.829783794640461,36.026477850973606
449,110,0.0575,29,0.8303336539229608,36.267695935443044
450,100,0.0575,0,0.8066992378979744,36.04615169018507
451,100,0.0575,1,0.8081184448929611,34.81512155197561
452,100,0.0575,2,0.807982572308505,34.65667314827442
453,100,0.0575,3,0.8261870897563144,34.96150717884302
454,100,0.0575,4,0.8198980401311916,34.653142338618636
455,100,0.0575,5,0.8229523417570136,36.56324442103505
456,100,0.0575,6,0.7940557726985095,34.252447836101055
457,100,0.0575,7,0.8066455280528206,35.824651431292295
458,100,0.0575,8,0.8186463104394672,37.56020156852901
459,100,0.0575,9,0.8107805896477336,34.3838172275573
460,100,0.0575,10,0.8106944385972743,35.20755751617253
461,100,0.0575,11,0.7928487315038718,33.042182348668575
462,100,0.0575,12,0.8324280890556987,35.616960134357214
463,100,0.0575,13,0.7966198438230997,34.5395489949733
464,100,0.0575,14,0.8308055734876614,36.66834834590554
465,100,0.0575,15,0.8089236425617095,34.61206985451281
466,100,0.0575,16,0.791744234024442,33.39584596082568
467,100,0.0575,17,0.8276007501752104,41.853752011433244
468,100,0.0575,18,0.8121206604315739,34.84980379976332
469,100,0.0575,19,0.8193298240289352,35.845408510416746
470,100,0.0575,20,0.805369520840486,35.70282610505819
471,100,0.0575,21,0.8383306748592367,35.06879656389356
472,100,0.0575,22,0.8032599442432689,32.18321041017771
473,100,0.0575,23,0.8192476771722875,34.723354175686836
474,100,0.0575,24,0.8097756217085315,33.80833111517131
475,100,0.0575,25,0.8068986128667915,33.73919444531202
476,100,0.0575,26,0.7912747656828372,36.67658990994096
477,100,0.0575,27,0.8048353783275256,33.89109547249973
478,100,0.0575,28,0.8237633807133405,35.61031901463866
479,100,0.0575,29,0.8037881237016282,35.671467972919345
480,90,0.0575,0,0.8306390509084413,32.77592551521957
481,90,0.0575,1,0.7747399388180363,32.18265697360039
482,90,0.0575,2,0.7767298890221714,31.239458860829473
483,90,0.0575,3,0.8303713293454739,32.94468197785318
484,90,0.0575,4,0.8243071287031257,32.193695206195116
485,90,0.0575,5,0.7965427035322715,33.77591283991933
486,90,0.0575,6,0.7791444337731827,30.77819607965648
487,90,0.0575,7,0.8100031354478752,32.00202186591923
488,90,0.0575,8,0.7974616686591282,32.35583290271461
489,90,0.0575,9,0.7933250593877178,31.8231449034065
490,90,0.0575,10,0.7905346921940041,31.624965883791447
491,90,0.0575,11,0.8139580577339735,32.88438845612109
492,90,0.0575,12,0.7952695551978451,30.54955678805709
493,90,0.0575,13,0.7768784218474404,32.70046294480562
494,90,0.0575,14,0.8047074964832979,33.71638859808445
495,90,0.0575,15,0.8043833862006919,32.10652371682227
496,90,0.0575,16,0.8055396964303669,30.319856625050306
497,90,0.0575,17,0.7880376282263214,31.742854584008455
498,90,0.0575,18,0.8043719753954097,46.363584492355585
499,90,0.0575,19,0.8097732022507459,31.85663635469973
500,90,0.0575,20,0.7959228370357989,30.84117422439158
501,90,0.0575,21,0.7977168341009104,31.813382003456354
502,90,0.0575,22,0.7823429675542346,31.950195541605353
503,90,0.0575,23,0.7873967719188334,31.697054862976074
504,90,0.0575,24,0.79841679506205,34.600136978551745
505,90,0.0575,25,0.8077240962155148,33.28554615192115
506,90,0.0575,26,0.7910205884951469,32.4315442442894
507,90,0.0575,27,0.8068726359020908,32.795679602772
508,90,0.0575,28,0.814281703890104,31.494316710159183
509,90,0.0575,29,0.8191677768289598,32.27210972830653
510,80,0.0575,0,0.8015572000903658,32.526710990816355
511,80,0.0575,1,0.7785353533642273,29.63172611221671
512,80,0.0575,2,0.7869609889238459,32.03902313858271
513,80,0.0575,3,0.7759168964992738,32.91646819189191
514,80,0.0575,4,0.8243946897804051,32.924996020272374
515,80,0.0575,5,0.8239421611727786,32.55077757872641
516,80,0.0575,6,0.7816080965172995,33.925046637654305
517,80,0.0575,7,0.7848285148322679,29.34470291621983
518,80,0.0575,8,0.7883052368459641,29.62541000172496
519,80,0.0575,9,0.8169251829957161,32.56354560889304
520,80,0.0575,10,0.7984952642016842,38.433879086747766
521,80,0.0575,11,0.7875341551202589,31.019362065941095
522,80,0.0575,12,0.7852085197074667,32.42842127755284
523,80,0.0575,13,0.7825068271416251,32.38985379226506
524,80,0.0575,14,0.8025746941501822,29.80184713564813
525,80,0.0575,15,0.7910170431335921,31.867511607706547
526,80,0.0575,16,0.8148067791717711,29.327779199928045
527,80,0.0575,17,0.7819011473855894,32.04857752285898
528,80,0.0575,18,0.7777553561748218,32.691500989720225
529,80,0.0575,19,0.800876358316425,30.220367116853595
530,80,0.0575,20,0.7748365512439535,29.699775429442525
531,80,0.0575,21,0.7764032304558,30.331808395683765
532,80,0.0575,22,0.7963647560298537,34.53080107457936
533,80,0.0575,23,0.7621769280900863,29.86076700501144
534,80,0.0575,24,0.7954381284043059,30.428716760128736
535,80,0.0575,25,0.8292287664361125,35.12919174320996
536,80,0.0575,26,0.7960691515835797,29.28787038847804
537,80,0.0575,27,0.7809367596300348,37.987592089921236
538,80,0.0575,28,0.7966009293456772,36.12597472593188
539,80,0.0575,29,0.7758089420929127,29.846717599779367
540,70,0.0575,0,0.7686751152226623,29.0556026045233
541,70,0.0575,1,0.7724658285029591,27.55060991831124
542,70,0.0575,2,0.7587890483545103,28.98023236170411
543,70,0.0575,3,0.7558101716927716,31.3457959163934
544,70,0.0575,4,0.7188925388877279,31.151540840044618
545,70,0.0575,5,0.7723920570997401,29.81840385682881
546,70,0.0575,6,0.7612274082643964,56.35753352381289
547,70,0.0575,7,0.7796490945488949,33.814684845507145
548,70,0.0575,8,0.759462607048742,34.39401439204812
549,70,0.0575,9,0.7617090956619513,48.23018381372094
550,70,0.0575,10,0.7915336653132952,28.190723188221455
551,70,0.0575,11,0.7832143941297932,33.14335495233536
552,70,0.0575,12,0.7368871405779867,29.246228069067
553,70,0.0575,13,0.7585714383329589,34.76070033200085
554,70,0.0575,14,0.8008829107940021,36.2054986115545
555,70,0.0575,15,0.779814584755537,33.5210193246603
556,70,0.0575,16,0.767788446592476,28.737972674891353
557,70,0.0575,17,0.7738992116499459,28.834089808166027
558,70,0.0575,18,0.7633360513144443,37.67675654962659
559,70,0.0575,19,0.7799906245746095,31.976898981258273
560,70,0.0575,20,0.7740619100387782,28.75681484490633
561,70,0.0575,21,0.7652014479729538,35.05099571496248
562,70,0.0575,22,0.77202216065211,28.236870028078556
563,70,0.0575,23,0.7683943469409427,28.781696433201432
564,70,0.0575,24,0.7660421416109949,32.34580970928073
565,70,0.0575,25,0.7789967797881596,28.634452987462282
566,70,0.0575,26,0.7771728386240644,33.402805007994175
567,70,0.0575,27,0.7770390290200251,35.055187094956636
568,70,0.0575,28,0.7549008332196134,35.37797276861966
569,70,0.0575,29,0.7765850056780843,28.920189138501883
570,60,0.0575,0,0.7650905535106696,34.10079921595752
571,60,0.0575,1,0.7481627332883198,34.54423010349274
572,60,0.0575,2,0.766811626247498,36.90534165687859
573,60,0.0575,3,0.758674006754519,32.08152643404901
574,60,0.0575,4,0.6624684891653327,32.796798564493656
575,60,0.0575,5,0.7562774588164165,33.31494831852615
576,60,0.0575,6,0.7821796162118058,34.100129313766956
577,60,0.0575,7,0.7678886537926524,27.23831081017852
578,60,0.0575,8,0.7660758410755277,34.0789407659322
579,60,0.0575,9,0.7634701026877886,27.703597012907267
580,60,0.0575,10,0.7834000500141278,26.781284207478166
581,60,0.0575,11,0.7588556743276971,33.981427758932114
582,60,0.0575,12,0.6527814337296712,26.991663308814168
583,60,0.0575,13,0.6977461990124065,27.877218328416348
584,60,0.0575,14,0.7424186493232026,32.29615409485996
585,60,0.0575,15,0.7789460788237675,26.70063392072916
586,60,0.0575,16,0.6343643992983621,36.036041447892785
587,60,0.0575,17,0.7735106160231058,31.71479269117117
588,60,0.0575,18,0.786248323603407,40.03617002815008
589,60,0.0575,19,0.6956073789177674,34.25392263568938
590,60,0.0575,20,0.7764748894658976,29.726061329245567
591,60,0.0575,21,0.7653651504985333,28.074040288105607
592,60,0.0575,22,0.7661000885955677,27.39577343314886
593,60,0.0575,23,0.7668665114091252,33.25507703796029
594,60,0.0575,24,0.7659479980555677,32.41207726672292
595,60,0.0575,25,0.7727565269735626,32.3848079405725
596,60,0.0575,26,0.76664012533829,40.01060018315911
597,60,0.0575,27,0.6587152413035545,33.94473962858319
598,60,0.0575,28,0.7737608490181258,40.58829829841852
599,60,0.0575,29,0.7750962785372134,27.661720039322972
600,50,0.0575,0,0.6697613225894866,36.11582929268479
601,50,0.0575,1,0.649418773885572,30.18819041736424
602,50,0.0575,2,0.7997519369286074,28.690556665882468
603,50,0.0575,3,0.6759875898439442,32.483001459389925
604,50,0.0575,4,0.6497778330682413,31.420692527666688
605,50,0.0575,5,0.5872234473278781,25.385157687589526
606,50,0.0575,6,0.7464960109970658,26.81741793267429
607,50,0.0575,7,0.6854204169144713,37.22522792778909
608,50,0.0575,8,0.6333785946648454,32.826294431462884
609,50,0.0575,9,0.647415955201369,30.386883106082678
610,50,0.0575,10,0.6834868324883618,39.05937627516687
611,50,0.0575,11,0.5422836125193495,25.58292217552662
612,50,0.0575,12,0.6639655794064563,29.331976076588035
613,50,0.0575,13,0.6533250352460822,32.6163755916059
614,50,0.0575,14,0.630173586054752,25.256860783323646
615,50,0.0575,15,0.6844976699509738,26.3143140822649
616,50,0.0575,16,0.6553281133469843,33.821011962369084
617,50,0.0575,17,0.67605883766975,33.872370559722185
618,50,0.0575,18,0.7988329841549269,26.58024673163891
619,50,0.0575,19,0.7621711062146415,27.288418792188168
620,50,0.0575,20,0.6636004424611219,27.89332236163318
